From,To,FlightNo.,Frequency,Dep,Arr,Aircraf,Stops
Abu Dhabi,Mumbai,AI  0946,1234567,01:35,05:50,A-320,0
Agartala,Kolkata,AI  0744,1234567,11:25,12:25,A-319,0
Agartala,Kolkata,AI  0746,1234567,19:45,20:30,A-319,0
Agatti,Bengaluru,9I  0506,.2.....,09:40,11:35,ATR-72,0
Agatti,Bengaluru,9I  0506,1.34567,10:30,13:40,ATR-72,1
Agatti,Kozhikode,9I  0506,1.34567,10:30,11:55,ATR-72,0
Agra,Jaipur,9I  0688,12.4.6.,11:40,12:35,ATR-72,0
Ahmedabad,Bengaluru,AI  0590,..345.7,03:05,05:00,A-319,0
Ahmedabad,Chennai,AI  0982,1...5..,06:50,09:10,A-320,0
Ahmedabad,Delhi,AI  0018,1234567,07:10,08:45,A-321,0
Ahmedabad,Delhi,AI  0011,.....6.,18:45,20:20,A-320,0
Ahmedabad,Delhi,AI  0011,12345.7,18:45,20:20,A-321,0
Ahmedabad,Delhi,AI  0014,.....67,22:20,23:55,A-320,0
Ahmedabad,Delhi,AI  0014,12345..,22:20,23:55,A-321,0
Ahmedabad,Kandla,9I  0873,.2345..,10:05,11:10,ATR-72,0
Ahmedabad,Kandla,9I  0873,1....6.,11:45,12:50,ATR-72,0
Ahmedabad,Kuwait,AI  0981,...4..7,20:55,22:25,A-320,0
Ahmedabad,London,AI  0171,1.3.5.7,07:00,11:05,B787,0
Ahmedabad,Mumbai,AI  0030,1234567,04:00,05:15,B787,0
Ahmedabad,Mumbai,AI  0614,1234567,07:20,08:30,A-320,0
Ahmedabad,Mumbai,AI  0985,1234567,19:20,20:40,A-321,0
Ahmedabad,Muscat,AI  0985,1234567,19:20,23:25,A-321,1
Ahmedabad,Nasik,9I  0874,.2345..,13:10,14:25,ATR-72,0
Ahmedabad,Nasik,9I  0874,1....6.,14:50,16:05,ATR-72,0
Ahmedabad,Nasik,9I  0874,......7,18:15,19:35,ATR-72,0
Aizawl,Imphal,AI  0715,......7,12:15,13:00,A-319,0
Aizawl,Imphal,AI  0714,.234...,13:35,14:20,A-319,0
Aizawl,Kolkata,AI  0715,......7,12:15,14:50,A-319,1
Aizawl,Kolkata,AI  0714,.234...,13:35,15:55,A-319,1
Aizawl,Kolkata,AI  0715,....5..,14:30,15:40,A-319,0
Aizawl,Kolkata,AI  0712,1234...,14:40,15:55,A-319,0
Aizawl,Kolkata,AI  0712,.....6.,14:55,16:05,A-319,0
Allahabad,Delhi,9I  0604,1234567,15:15,17:00,ATR-72,0
Amritsar,Birmingham,AI  0113,......7,10:30,17:15,B787,1
Amritsar,Birmingham,AI  0113,1.3....,11:15,17:15,B787,1
Amritsar,Birmingham,AI  0117,.2.4.6.,15:00,18:15,B787,0
Amritsar,Delhi,AI  0454,0.234567,06:50,07:55,A-319,0
Amritsar,Delhi,AI  0118,.3.5.7,09:15,10:20,B787,0
Amritsar,Delhi,AI  0113,......7,10:30,11:45,B787,0
Amritsar,Delhi,AI  0113,1.3....,11:15,12:30,B787,0
Amritsar,Delhi,AI  0462,12.4...,14:45,15:50,B787,0
Amritsar,Delhi,AI  0115,.....6.,19:00,20:10,A-321,0
Amritsar,Delhi,AI  0115,12345.7,19:00,20:10,A-320,0
Amritsar,Delhi,AI  0480,1234567,22:50,23:40,A-320,0
Amritsar,Kolkata,AI  0726,.2.45.7,14:55,18:35,A-319,1
Amritsar,London,AI  0165,1..4.6.,03:10,06:30,B787,0
Amritsar,Mumbai,AI  0650,.....67,17:50,20:25,A-320,0
Amritsar,Mumbai,AI  0686,...4...,23:05,1:55+1,B787,0
Amritsar,Mumbai,AI  0686,1....6.,23:40,2:30+1,B787,0
Amritsar,Nanded,AI  0815,.....67,10:55,13:30,A-320,0
Amritsar,Patna,AI  0726,.2.45.7,14:55,17:05,A-319,0
Aurangabad,Delhi,AI  0442,1234567,17:20,19:10,A-319,0
Aurangabad,Mumbai,AI  0606,..3.5.7,12:00,13:35,A-319,0
Aurangabad,Mumbai,AI  0441,1234567,20:20,21:35,A-319,0
Aurangabad,Udaipur,AI  0605,..3.5.7,07:45,09:15,A-319,0
Bagdogra,Delhi,AI  0880,123456,13:00,15:15,A-320,0
Bagdogra,Delhi,AI  0880,......7,13:50,16:15,A-320,0
Bagdogra,Kolkata,AI  0722,..3.5.7,15:40,16:45,A-319,0
Bahrain,Delhi,AI  0940,12.4.6.,23:00,5:00+1,A-319,0
Bangkok,Delhi,AI  0333,.....6.,08:50,12:20,B787,0
Bangkok,Delhi,AI  0333,......7,08:50,12:05,B787,0
Bangkok,Delhi,AI  0335,1234567,21:05,23:50,A-320,0
Bangkok,Kolkata,AI  0337,.....6.,05:40,07:00,A-320,0
Bangkok,Mumbai,AI  0341,1234567,05:40,08:25,A-320,0
Bangkok,Mumbai,AI  0331,.....67,20:30,23:15,B787,0
Belgaum,Bengaluru,9I  0514,1.34567,19:30,20:55,ATR-72,0
Belgaum,Bengaluru,9I  0514,.2.....,20:55,22:20,ATR-72,0
Belgaum,Pune,9I  0513,1.34567,16:05,17:20,ATR-72,0
Belgaum,Pune,9I  0513,.2.....,17:30,18:50,ATR-72,0
Bengaluru,Agatti,9I  0505,.2.....,06:05,09:15,ATR-72,1
Bengaluru,Agatti,9I  0505,1.34567,06:55,10:05,ATR-72,1
Bengaluru,Ahmedabad,AI  0589,..345.7,00:30,02:35,A-319,0
Bengaluru,Belgaum,9I  0513,1.34567,14:15,15:40,ATR-72,0
Bengaluru,Belgaum,9I  0513,.2.....,15:40,17:05,ATR-72,0
Bengaluru,Bhubaneswar,AI  0776,.23..67,05:50,10:20,A-320,1
Bengaluru,Bhubaneswar,AI  0519,1..4...,06:10,08:10,A-320,0
Bengaluru,Bhubaneswar,AI  0519,....5..7,06:10,10:30,A-320,1
Bengaluru,Bhubaneswar,AI  0738,......7,09:15,11:30,A-320,0
Bengaluru,Bhubaneswar,AI  0738,1.3.5..,11:50,14:00,A-320,0
Bengaluru,Chennai,AI  0564,.2.4.6.,11:45,12:45,A-320,0
Bengaluru,Delhi,AI  0804,.2.....,05:45,08:45,A-320,0
Bengaluru,Delhi,AI  0804,1.34567,06:10,08:55,A-320,0
Bengaluru,Delhi,AI  0505,1234567,10:00,12:45,A-320,0
Bengaluru,Delhi,AI  0501,1.34567,13:20,16:10,A-320,0
Bengaluru,Delhi,AI  0503,1234567,17:00,19:50,A-320,0
Bengaluru,Delhi,AI  0087,1......,21:10,23:55,A-320,0
Bengaluru,Delhi,AI  0173,0.234567,21:10,23:55,A-320,0
Bengaluru,Delhi,AI  0802,.23.567,23:05,1:30+1,A-320,0
Bengaluru,Dubai,AI  0993,.2.4.67,17:00,21:15,A-320,1
Bengaluru,Goa,AI  0993,.2.4.67,17:00,18:10,A-320,0
Bengaluru,Guwahati,AI  0727,1..45.7,13:50,16:55,A-320,0
Bengaluru,Hubli,AI  0507,......7,06:10,09:15,A-319,1
Bengaluru,Hubli,AI  0507,.23..6.,12:00,13:05,A-319,0
Bengaluru,Hyderabad,AI  0776,.23..67,05:50,12:25,A-320,2
Bengaluru,Hyderabad,AI  0516,1..45..,08:00,08:50,A-319,0
Bengaluru,Hyderabad,AI  0977,1.3.5..,17:00,18:05,A-320,0
Bengaluru,Gulbarga,9I  0509,1.34567,09:50,11:25,ATR-72,0
Bengaluru,Gulbarga,9I  0897,1.34567,09:50,11:25,ATR-72,0
Bengaluru,Gulbarga,9I  0509,.2.....,11:40,13:20,ATR-72,0
Bengaluru,Kochi,9I  0505,.2.....,06:05,07:25,ATR-72,0
Bengaluru,Kochi,9I  0505,1.34567,06:55,08:15,ATR-72,0
Bengaluru,Kochi,AI  0587,......7,22:00,23:00,A-319,0
Bengaluru,Kochi,AI  0587,1...5..,22:00,23:00,A-320,0
Bengaluru,Kolhapur,9I  0536,1.34567,14:20,15:50,ATR-72,0
Bengaluru,Kolhapur,9I  0536,.2.....,15:55,17:20,ATR-72,0
Bengaluru,Kolkata,AI  0776,.23..67,05:50,08:20,A-320,0
Bengaluru,Kolkata,AI  0772,1..45.7,11:05,13:25,A-319,0
Bengaluru,London,AI  0177,.2.4.6.,05:35,11:05,B787,0
Bengaluru,Male,AI  0265,1.34567,14:20,15:45,A-320,0
Bengaluru,Mumbai,AI  0507,......7,06:10,07:40,A-319,0
Bengaluru,Mumbai,AI  0640,1234567,06:45,08:35,A-320,0
Bengaluru,Mumbai,AI  0604,1234567,08:35,10:35,A-320,0
Bengaluru,Mumbai,AI  0507,.23..6.,12:00,14:30,A-319,1
Bengaluru,Mumbai,AI  0608,1..45.7,17:25,19:05,A-319,0
Bengaluru,Mumbai,AI  0610,1234567,19:10,21:05,A-320,0
Bengaluru,Muscat,AI  0977,1.3.5..,17:00,21:05,A-320,1
Bengaluru,Mysore,9I  0898,1.34567,14:00,14:50,ATR-72,0
Bengaluru,Mysore,9I  0898,.2.....,15:45,16:40,ATR-72,0
Bengaluru,Pune,9I  0513,1.34567,14:15,17:20,ATR-72,1
Bengaluru,Pune,9I  0513,.2.....,15:40,18:50,ATR-72,1
Bengaluru,San Francisco,AI  0173,0.234567,21:10,06:00,A-320,1
Bengaluru,Surat,AI  0519,1..4...,06:10,10:40,A-320,1
Bengaluru,Surat,AI  0519,....5..7,06:10,08:00,A-320,0
Bengaluru,Thiruvananthapuram,AI  0583,.23..6.,07:30,08:40,A-319,0
Bhatinda,Delhi,9I  0622,.2.4.6.,11:10,12:20,ATR-72,0
Bhavnagar,Mumbai,9I  0652,1234567,19:55,21:05,ATR-72,0
Bhopal,Delhi,AI  0436,1234.6.,08:00,09:25,A-320,0
Bhopal,Delhi,AI  0482,.23.5.7,14:40,16:00,A-319,0
Bhopal,Delhi,AI  0438,...4.6.,22:00,23:25,A-319,0
Bhopal,Delhi,AI  0438,123.5.7,22:00,23:25,A-320,0
Bhopal,Jaipur,9I  0684,1234567,19:15,21:05,ATR-72,0
Bhopal,Mumbai,AI  0634,1234.6.,08:10,09:30,A-319,0
Bhopal,Mumbai,AI  0632,1..4..7,21:50,23:25,A-320,0
Bhopal,Mumbai,AI  0632,.2..5..,21:50,23:25,A-319,0
Bhopal,Pune,AI  0481,.23.5.7,10:45,12:05,A-319,0
Bhopal,Raipur,9I  0683,1234567,15:25,17:00,ATR-72,0
Bhubaneswar,Bengaluru,AI  0519,1..4...,08:40,13:05,A-320,1
Bhubaneswar,Bengaluru,AI  0519,....5.7,11:00,13:05,A-320,0
Bhubaneswar,Bengaluru,AI  0739,......7,11:55,13:40,A-320,0
Bhubaneswar,Bengaluru,AI  0739,1.3.5..,14:30,16:40,A-320,0
Bhubaneswar,Delhi,AI  0078,......7,09:50,12:05,A-320,0
Bhubaneswar,Delhi,AI  0078,123456,10:25,12:40,A-320,0
Bhubaneswar,Delhi,AI  0076,1234567,13:50,16:20,A-320,0
Bhubaneswar,Delhi,AI  0474,1234567,21:35,23:45,A-320,0
Bhubaneswar,Guwahati,AI  0780,.23..67,15:10,18:10,A-320,1
Bhubaneswar,Hyderabad,AI  0776,.23..67,10:50,12:25,A-320,0
Bhubaneswar,Jharsuguda,9I  0727,1234567,09:25,10:30,ATR-72,0
Bhubaneswar,Jharsuguda,9I  0151,..3....,09:30,10:15,ATR-72,0
Bhubaneswar,Kolkata,AI  0780,.23..67,15:10,16:00,A-320,0
Bhubaneswar,Mumbai,AI  0670,1234567,15:00,17:05,A-320,0
Bhubaneswar,Ranchi,9I  0719,1234567,12:20,13:25,ATR-72,0
Bhubaneswar,Surat,AI  0519,1..4...,08:40,10:40,A-320,0
Bhuj,Mumbai,9I  0626,1234567,08:55,10:55,ATR-72,0
Bikaner,Delhi,9I  0834,1234567,15:00,16:30,ATR-72,0
Birmingham,Amritsar,AI  0118,.2.4.6.,19:30,8:15+1,B787,0
Birmingham,Amritsar,AI  0114,1.3...7,20:30,13:45+1,B787,1
Birmingham,Delhi,AI  0118,.2.4.6.,19:30,10:20+1,B787,1
Birmingham,Delhi,AI  0114,1.3...7,20:30,9:55+1,B787,0
Chandigarh,Delhi,AI  0444,1234567,07:05,08:00,A-320,0
Chandigarh,Delhi,9I  0814,123456,09:55,12:55,ATR-72,1
Chandigarh,Delhi,AI  0464,....5..,14:05,15:05,A-320,0
Chandigarh,Delhi,AI  0464,1.3....,14:15,15:30,A-320,0
Chandigarh,Delhi,9I  0832,12.4.6.,19:40,20:50,ATR-72,0
Chandigarh,Delhi,9I  0832,..3.5.7,20:40,21:40,ATR-72,0
Chandigarh,Dharamshala,9I  0814,123456,09:55,10:55,ATR-72,0
Chandigarh,Leh,AI  0458,.2...6.,10:15,11:10,A-319,0
Chandigarh,Mumbai,AI  0622,12345..,16:00,18:10,A-320,0
Chandigarh,Nanded,AI  0817,.2.4...,09:00,11:10,A-320,0
Chandigarh,Pune,AI  0813,1.3.5..,09:15,11:40,A-320,0
Chennai,Ahmedabad,AI  0981,...4..7,17:20,20:00,A-320,0
Chennai,Bengaluru,AI  0563,...4.6.,13:25,14:25,A-320,0
Chennai,Bengaluru,AI  0563,.2.....,14:20,15:20,A-320,0
Chennai,Coimbatore,9I  0565,1234567,05:55,07:20,ATR-72,0
Chennai,Coimbatore,AI  0429,1234567,13:20,14:20,A-321,0
Chennai,Coimbatore,9I  0553,.2.45.7,20:35,21:55,ATR-72,0
Chennai,Colombo,AI  0273,1234567,05:55,07:20,A-321,0
Chennai,Delhi,AI  0440,1234567,06:10,08:55,A-321,0
Chennai,Delhi,AI  0143,......7,08:40,11:35,A-320,0
Chennai,Delhi,AI  0143,123456,09:30,12:20,A-320,0
Chennai,Delhi,AI  0430,1234567,09:55,13:00,A-320,0
Chennai,Delhi,AI  0539,1234567,17:00,19:50,A-321,0
Chennai,Delhi,AI  0043,1234567,21:05,23:55,A-320,0
Chennai,Dubai,AI  0905,1234567,19:35,22:00,A-321,0
Chennai,Goa,AI  0975,1.3.5..,18:15,19:35,A-320,0
Chennai,Hyderabad,AI  0987,.2...6.,17:55,19:10,A-320,0
Chennai,Hyderabad,AI  0545,12.4567,19:10,20:35,A-321,0
Chennai,Hyderabad,AI  0545,..3....,20:40,22:00,A-321,0
Chennai,Jaffna,9I  0101,1.3..6.,10:45,12:00,ATR-72,0
Chennai,Kochi,AI  0509,1234567,08:05,09:00,A-320,0
Chennai,Kolkata,AI  0766,1234567,11:35,13:55,A-321,0
Chennai,Kuwait,AI  0981,...4..7,17:20,22:25,A-320,1
Chennai,Kuwait,AI  0987,.2...6.,17:55,22:25,A-320,1
Chennai,Kuwait,AI  0975,1.3.5..,18:15,22:25,A-320,1
Chennai,Madurai,9I  0559,.2.45.7,10:00,11:20,ATR-72,0
Chennai,Madurai,AI  0671,1234567,11:30,12:35,A-320,0
Chennai,Madurai,9I  0551,.2.45.7,16:55,18:15,ATR-72,0
Chennai,Madurai,9I  0551,1.3..6.,19:05,20:35,ATR-72,0
Chennai,Mumbai,AI  0569,1234567,06:20,08:10,A-320,0
Chennai,Mumbai,AI  0672,1234567,14:55,16:50,A-320,0
Chennai,Mumbai,AI  0093,.23.56.,21:35,23:20,A-320,0
Chennai,Muscat,AI  0907,1234567,19:25,21:55,A-320,0
Chennai,Paris,AI  0143,......7,08:40,17:55,A-320,1
Chennai,Paris,AI  0143,123456,09:30,17:55,A-320,1
Chennai,Port Blair,AI  0549,1234567,05:05,07:20,A-321,0
Chennai,Port Blair,AI  0551,.2.45.7,09:35,11:25,A-320,0
Chennai,Sharjah,AI  0967,1234567,18:25,23:05,A-320,1
Chennai,Singapore,AI  0346,1234567,11:35,18:30,A-320,0
Chennai,Thiruvananthapuram,AI  0967,1234567,18:25,19:30,A-320,0
Chennai,Tiruchirapalli,9I  0555,.2.45.7,13:40,14:40,ATR-72,0
Chennai,Tiruchirapalli,9I  0555,1.3..6.,16:00,17:00,ATR-72,0
Chicago,Delhi,AI  0126,1234567,12:30,14:15+1,B777-ER,0
Chicago,Hyderabad,AI  0126,1234567,12:30,19:25+1,B777-ER,1
Coimbatore,Chennai,9I  0566,1234567,07:45,09:20,ATR-72,0
Coimbatore,Chennai,AI  0539,1234567,15:05,16:15,A-321,0
Coimbatore,Chennai,9I  0554,.2.45.7,22:25,23:50,ATR-72,0
Coimbatore,Delhi,AI  0548,1234567,01:00,04:10,A-320,0
Coimbatore,Delhi,AI  0539,1234567,15:05,19:50,A-321,1
Coimbatore,Mumbai,AI  0679,1234567,14:00,15:55,A-320,0
Colombo,Chennai,AI  0274,12.4567,17:10,18:25,A-321,0
Colombo,Chennai,AI  0274,..3....,18:20,19:30,A-321,0
Colombo,Delhi,AI  0284,1234567,02:40,05:45,A-320,0
Colombo,Delhi,AI  0282,......7,08:20,11:50,A-321,0
Colombo,Delhi,AI  0282,123456,08:50,12:20,A-321,0
Colombo,Mumbai,AI  0276,1234567,02:10,04:30,A-320,0
Copenhagen,Delhi,AI  0158,.2.4.6.,19:50,7:35+1,B787,0
Dammam,Delhi,AI  0914,1234567,03:45,10:05,A-320,0
Dehra Dun,Delhi,9I  0646,1234567,07:45,08:40,ATR-72,0
Dehra Dun,Delhi,9I  0610,.....67,18:40,19:40,ATR-72,0
Dehra Dun,Delhi,9I  0858,1234567,20:25,21:25,ATR-72,0
Dehra Dun,Kolkata,AI  0690,1.3..6.,10:45,15:20,A-319,1
Dehra Dun,Mumbai,AI  0689,1.3..6.,20:35,22:55,A-319,0
Dehra Dun,Pantnagar,9I  0824,..3.567,12:30,13:20,ATR-72,0
Dehra Dun,Varanasi,AI  0690,1.3..6.,10:45,12:20,A-319,0
Delhi,Ahmedabad,AI  0019,1234567,05:00,06:30,A-321,0
Delhi,Ahmedabad,AI  0010,.....6.,16:40,18:00,A-320,0
Delhi,Ahmedabad,AI  0010,12345.7,16:40,18:00,A-321,0
Delhi,Ahmedabad,AI  0013,.....67,19:45,21:30,A-320,0
Delhi,Ahmedabad,AI  0013,12345..,19:45,21:30,A-321,0
Delhi,Allahabad,9I  0603,1234567,13:05,14:50,ATR-72,0
Delhi,Amritsar,AI  0453,0.234567,05:00,06:15,A-319,0
Delhi,Amritsar,AI  0461,1.3...7,08:00,09:15,B787,0
Delhi,Amritsar,AI  0117,.2.4.6.,12:30,13:30,B787,0
Delhi,Amritsar,AI  0114,12.4.,12:40,13:45,B787,0
Delhi,Amritsar,AI  0016,.....6.,15:20,16:20,A-321,0
Delhi,Amritsar,AI  0016,12345.7,15:20,16:20,A-320,0
Delhi,Amritsar,AI  0479,1234567,21:15,22:20,A-320,0
Delhi,Aurangabad,AI  0441,1234567,17:50,19:35,A-319,0
Delhi,Bagdogra,AI  0879,123456,10:30,12:30,A-320,0
Delhi,Bagdogra,AI  0879,......7,11:15,13:15,A-320,0
Delhi,Bahrain,AI  0939,12.4.6.,19:50,21:55,A-319,0
Delhi,Bangkok,AI  0332,.....67,13:45,19:20,B787,0
Delhi,Bangkok,AI  0334,1234567,23:00,4:40+1,A-320,0
Delhi,Bengaluru,AI  0803,1234567,06:10,08:55,A-320,0
Delhi,Bengaluru,AI  0506,.2.....,09:30,12:05,A-320,0
Delhi,Bengaluru,AI  0506,1.34567,09:45,12:30,A-320,0
Delhi,Bengaluru,AI  0502,1.34567,13:30,16:15,A-320,0
Delhi,Bengaluru,AI  0088,..3....,17:45,20:25,A-320,0
Delhi,Bengaluru,AI  0174,12.4567,17:45,20:25,A-320,0
Delhi,Bengaluru,AI  0801,.23.567,19:25,21:55,A-320,0
Delhi,Bengaluru,AI  0504,1234567,20:30,23:15,A-320,0
Delhi,Bhatinda,9I  0621,.2.4.6.,09:25,10:45,ATR-72,0
Delhi,Bhopal,AI  0435,1234.6..,05:55,07:20,A-320,0
Delhi,Bhopal,AI  0481,.23.5.7,08:40,10:15,A-319,0
Delhi,Bhopal,AI  0437,...4.6.,20:00,21:20,A-319,0
Delhi,Bhopal,AI  0437,123.5.7,20:00,21:20,A-320,0
Delhi,Bhubaneswar,AI  0077,1234567,07:10,09:10,A-320,0
Delhi,Bhubaneswar,AI  0075,123456,10:40,12:40,A-320,0
Delhi,Bhubaneswar,AI  0075,......7,11:05,13:10,A-320,0
Delhi,Bhubaneswar,AI  0473,1234567,18:40,20:55,A-320,0
Delhi,Bikaner,9I  0833,1234567,13:00,14:30,ATR-72,0
Delhi,Birmingham,AI  0117,.2.4.6.,12:30,18:15,B787,1
Delhi,Birmingham,AI  0113,1.3...7,13:15,17:15,B787,0
Delhi,Chandigarh,AI  0443,1234567,05:45,06:35,A-320,0
Delhi,Chandigarh,9I  0813,123456,06:15,09:30,ATR-72,1
Delhi,Chandigarh,AI  0463,1.3....,12:30,13:45,A-320,0
Delhi,Chandigarh,AI  0463,....5..,12:35,13:35,A-320,0
Delhi,Chandigarh,9I  0831,12.4.6.,18:15,19:15,ATR-72,0
Delhi,Chandigarh,9I  0831,..3.5.7,19:15,20:15,ATR-72,0
Delhi,Chennai,AI  0439,1234567,06:05,08:55,A-320,0
Delhi,Chennai,AI  0429,1234567,09:45,12:40,A-321,0
Delhi,Chennai,AI  0142,1234567,12:30,15:15,A-320,0
Delhi,Chennai,AI  0042,1234567,17:20,20:00,A-320,0
Delhi,Chennai,AI  0540,1234567,20:40,23:35,A-321,0
Delhi,Chicago,AI  0127,1234567,02:00,06:30,B777-ER,0
Delhi,Coimbatore,AI  0429,1234567,09:45,14:20,A-321,1
Delhi,Coimbatore,AI  0547,1234567,21:15,0:30+1,A-320,0
Delhi,Colombo,AI  0281,12.4567,12:45,16:10,A-321,0
Delhi,Colombo,AI  0281,..3....,13:40,17:20,A-321,0
Delhi,Colombo,AI  0283,1234567,22:05,1:40+1,A-320,0
Delhi,Copenhagen,AI  0157,.2.4.6.,14:00,17:50,B787,0
Delhi,Dammam,AI  0913,1234567,00:20,02:30,A-320,0
Delhi,Dehra Dun,9I  0645,1234567,06:20,07:20,ATR-72,0
Delhi,Dehra Dun,9I  0609,.....67,17:15,18:15,ATR-72,0
Delhi,Dehra Dun,9I  0857,1234567,19:00,20:00,ATR-72,0
Delhi,Dharamshala,9I  0813,1234567,06:15,08:05,ATR-72,0
Delhi,Dharamshala,9I  0713,1234567,13:30,15:15,ATR-72,0
Delhi,Doha,AI  0971,.2.4.6.,19:50,21:35,A-320,0
Delhi,Doha,AI  0971,....5..,20:50,22:35,A-320,0
Delhi,Dubai,AI  0933,.....6.,05:10,11:50,B787,1
Delhi,Dubai,AI  0933,12345.7,05:10,12:30,B787,1
Delhi,Dubai,AI  0915,1.34.6.,16:40,19:30,B787,0
Delhi,Dubai,AI  0915,.2....7,16:40,19:00,B787,0
Delhi,Dubai,AI  0915,....5..,16:40,19:20,B787,0
Delhi,Dubai,AI  0995,1234567,20:25,22:45,B787,0
Delhi,Durgapur,AI  0755,1...5..,05:50,07:50,A-319,0
Delhi,Frankfurt,AI  0121,1234567,13:35,18:00,B787,0
Delhi,Gaya,AI  0235,..3....,07:10,09:00,A-320,0
Delhi,Gaya,AI  0433,......7,12:00,13:40,A-320,0
Delhi,Gaya,AI  0433,123456,12:30,14:10,A-320,0
Delhi,Goa,AI  0156,......7,10:55,13:15,A-321,0
Delhi,Goa,AI  0156,123456,12:20,14:30,A-321,0
Delhi,Goa,AI  0883,1234567,22:00,0:35+1,A-320,0
Delhi,Gorakhpur,9I  0809,1234567,13:05,15:20,ATR-72,0
Delhi,Guwahati,AI  0889,1234567,09:25,12:10,A-321,0
Delhi,Guwahati,AI  0891,1234567,16:15,18:45,A-320,0
Delhi,Gwalior,9I  0628,..3.5.7,12:20,13:20,ATR-72,0
Delhi,Hong Kong,AI  0310,.2.4.67,23:15,6:30+1,B787,0
Delhi,Hong Kong,AI  0314,1.3.5..,23:15,6:30+1,B787,0
Delhi,Hyderabad,AI  0560,1234567,07:05,09:10,A-320,0
Delhi,Hyderabad,AI  0542,1234567,09:45,11:55,A-321,0
Delhi,Hyderabad,AI  0104,146,13:15,15:15,A-320,0
Delhi,Hyderabad,AI  0126,1234567,17:15,19:25,B777-ER,0
Delhi,Hyderabad,AI  0839,1234567,21:10,23:30,A-321,0
Delhi,Imphal,AI  0889,1234567,09:25,13:45,A-321,1
Delhi,Indore,9I  0628,..3.5.7,12:20,15:20,ATR-72,1
Delhi,Indore,AI  0637,.....6.,13:50,15:00,A-320,0
Delhi,Indore,AI  0637,1.3....,14:15,15:35,A-320,0
Delhi,Indore,AI  0636,1234567,15:05,16:30,A-319,0
Delhi,Jabalpur,9I  0617,1234567,17:40,19:45,ATR-72,0
Delhi,Jaipur,9I  0843,..3.5..,05:55,06:55,ATR-72,0
Delhi,Jaipur,AI  0491,1234567,12:00,12:55,A-321,0
Delhi,Jaipur,9I  0643,1234567,18:45,19:50,ATR-72,0
Delhi,Jammu,9I  0613,1234567,07:45,09:45,ATR-72,0
Delhi,Jammu,AI  0821,123456,10:30,12:20,A-319,0
Delhi,Jammu,AI  0821,......7,10:50,12:20,A-319,0
Delhi,Jeddah,AI  0991,.2.4.6.,16:20,19:45,B777-ER,0
Delhi,Jodhpur,AI  0475,1234567,12:55,14:15,A-321,0
Delhi,Kabul,AI  0243,.2.4.67,12:35,13:45,A-320,0
Delhi,Kannur,AI  0425,.23.567,09:05,13:30,A-320,1
Delhi,Kathmandu,AI  0213,1234567,07:40,09:25,A-320,0
Delhi,Kathmandu,AI  0215,......7,12:50,14:35,A-320,0
Delhi,Kathmandu,AI  0215,123456,13:10,14:35,A-320,0
Delhi,Khajuraho,AI  0406,1234567,10:15,13:20,A-320,1
Delhi,Kochi,AI  0933,1234567,05:10,08:00,B787,0
Delhi,Kochi,AI  0048,1234567,18:05,21:10,A-321,0
Delhi,Kolkata,AI  0401,1234567,06:50,09:00,B787,0
Delhi,Kolkata,AI  0770,.2.45..,09:05,11:25,A-320,0
Delhi,Kolkata,AI  0020,1234567,14:00,16:25,B787,0
Delhi,Kolkata,AI  0764,1234567,16:55,19:10,A-320,0
Delhi,Kolkata,AI  0022,1234567,20:15,22:20,A-321,0
Delhi,Kozhikode,AI  0425,.23.567,09:05,12:15,A-320,0
Delhi,Kullu,9I  0805,1234567,06:45,08:05,ATR-72,0
Delhi,Leh,AI  0445,1234567,06:45,08:20,A-319,0
Delhi,London,AI  0161,1234567,02:30,06:35,B787,0
Delhi,London,AI  0111,1234567,14:45,18:55,B777-ER,0
Delhi,Lucknow,AI  0423,....5..,02:15,03:15,A-320,0
Delhi,Lucknow,AI  0411,1.3.5.7,07:05,08:15,A-320,0
Delhi,Lucknow,AI  0992,.2.4.6.,07:10,08:15,A-320,0
Delhi,Lucknow,AI  0413,...4...,09:50,10:40,A-320,0
Delhi,Lucknow,AI  0431,1234567,12:20,13:25,A-320,0
Delhi,Lucknow,AI  0811,1234567,18:30,19:40,A-319,0
Delhi,Ludhiana,9I  0837,12.4.6.,13:25,14:40,ATR-72,0
Delhi,Madrid,AI  0135,.2.4.6.,14:00,19:10,B787,0
Delhi,Male,AI  0263,1234567,05:15,10:05,A-320,1
Delhi,Melbourne,AI  0308,..3.5.7,13:55,8:00+1,B787,0
Delhi,Milan,AI  0137,12.4.6.,14:20,18:30,B787,0
Delhi,Mumbai,AI  0349,1.3.567,04:00,06:15,B787,0
Delhi,Mumbai,AI  0887,1234567,07:00,09:05,A-320,0
Delhi,Mumbai,AI  0665,1234567,08:00,10:10,A-321,0
Delhi,Mumbai,AI  0678,1234567,09:00,11:10,A-320,0
Delhi,Mumbai,AI  0865,1234567,10:00,12:15,A-320,0
Delhi,Mumbai,AI  0315,2..4.6.,13:00,15:10,A-320,0
Delhi,Mumbai,AI  0317,1.3.5.7,13:00,15:10,A-320,0
Delhi,Mumbai,AI  0636,1234567,15:05,18:15,A-319,1
Delhi,Mumbai,AI  0102,1234567,17:00,19:10,B777-ER,0
Delhi,Mumbai,AI  0441,1234567,17:50,21:35,A-319,1
Delhi,Mumbai,AI  0024,1234567,18:00,20:15,A-320,0
Delhi,Mumbai,AI  0624,1234567,19:00,21:15,A-320,0
Delhi,Mumbai,AI  0805,1234567,20:00,22:10,A-319,0
Delhi,Mumbai,AI  0191,1234567,21:00,23:10,B777-ER,0
Delhi,Mumbai,AI  0863,1234567,23:00,1:10+1,A-320,0
Delhi,Muscat,AI  0973,.....67,19:20,21:25,A-321,0
Delhi,Muscat,AI  0973,12345..,19:20,21:25,A-320,0
Delhi,Nagpur,AI  0469,1..4.6.,05:15,08:10,A-320,1
Delhi,Nagpur,AI  0469,2357,05:55,07:40,A-320,0
Delhi,Nagpur,AI  0641,1234567,23:30,1:20+1,A-320,0
Delhi,Nanded,AI  0455,1..4.6.,15:20,17:05,A-319,0
Delhi,New York,AI  0101,1234567,01:35,06:35,B777-ER,0
Delhi,Newark,AI  0191,1234567,21:00,07:15,B777-ER,1
Delhi,Pantnagar,9I  0815,..3.567,09:45,10:45,ATR-72,0
Delhi,Paris,AI  0143,......7,13:05,17:55,B787,0
Delhi,Paris,AI  0143,123456,13:20,17:55,B787,0
Delhi,Pathankot,9I  0835,12.4...,13:00,14:40,ATR-42,0
Delhi,Patna,AI  0409,.2.4.67,10:35,12:10,A-319,0
Delhi,Patna,AI  0407,1234567,13:45,15:25,A-319,0
Delhi,Patna,AI  0415,1234567,16:45,18:25,A-320,0
Delhi,Port Blair,AI  0485,1..4.6.,05:30,10:10,A-320,1
Delhi,Port Blair,AI  0485,.23.5.7,05:30,09:05,A-320,0
Delhi,Port Blair,AI  0487,1...5..,06:35,11:15,A-320,1
Delhi,Pune,AI  0851,1234567,04:55,07:00,A-320,0
Delhi,Pune,AI  0481,.23.5.7,08:40,12:05,A-319,1
Delhi,Pune,AI  0849,1234567,16:00,18:10,A-320,0
Delhi,Pune,AI  0853,1234567,19:00,21:00,A-321,0
Delhi,Raipur,AI  0469,1..4.6.,05:15,07:05,A-320,0
Delhi,Raipur,AI  0477,......7,05:25,07:05,A-319,0
Delhi,Raipur,AI  0477,..3....,05:25,07:05,A-320,0
Delhi,Raipur,AI  0469,.2..5..,05:55,09:40,A-320,1
Delhi,Raipur,AI  0483,..3.5..,16:45,18:20,A-319,0
Delhi,Rajkot,AI  0497,...4...,05:15,07:00,A-319,0
Delhi,Rajkot,AI  0403,1.3.567,12:55,14:35,A-319,0
Delhi,Rajkot,AI  0495,.23...7,17:15,19:00,A-319,0
Delhi,Ranchi,AI  0417,123456,10:40,12:20,A-320,0
Delhi,Ranchi,AI  0417,......7,11:10,12:50,A-320,0
Delhi,Riyadh,AI  0925,.2..5.7,03:00,05:30,A-320,0
Delhi,Rome,AI  0123,..3.5.7,14:20,18:05,B787,0
Delhi,San Francisco,AI  0173,1.34567,04:00,06:00,B777-LR,0
Delhi,San Francisco,AI  0183,.2..5.7,18:00,20:30,B777-LR,0
Delhi,Seoul,AI  0312,12.4.6.,00:05,09:55,B787,0
Delhi,Shanghai,AI  0348,......7,11:55,20:20,B787,0
Delhi,Shanghai,AI  0348,.2.456.,12:20,20:20,B787,0
Delhi,Shimla,9I  0803,....5..,07:45,08:55,ATR-42,0
Delhi,Singapore,AI  0382,.2.4.6.,13:15,21:25,A-320,0
Delhi,Singapore,AI  0382,1.3.5.7,13:15,21:45,A-320,0
Delhi,Singapore,AI  0380,1234567,23:00,7:00+1,B787,0
Delhi,Srinagar,AI  0827,.2.4.67,07:25,08:40,A-320,0
Delhi,Srinagar,AI  0825,1234567,10:15,11:45,A-321,0
Delhi,Srinagar,AI  0821,123456,10:30,13:40,A-319,1
Delhi,Srinagar,AI  0821,......7,10:50,13:40,A-319,1
Delhi,Stockholm,AI  0167,..3.5.7,14:20,17:45,B787,0
Delhi,Surat,AI  0493,..3.5.7,05:15,07:10,A-320,0
Delhi,Surat,AI  0493,12.....,05:15,07:10,A-319,0
Delhi,Surat,AI  0489,....5.7,19:05,20:40,A-319,0
Delhi,Surat,AI  0489,1234,19:05,20:40,A-320,0
Delhi,Sydney,AI  0302,12.456.,13:15,7:10+1,B787,0
Delhi,Tel Aviv,AI  0139,12.4.67,15:30,19:25,B787,0
Delhi,Thiruvananthapuram,AI  0263,1234567,05:15,08:35,A-320,0
Delhi,Thiruvananthapuram,AI  0048,1234567,18:05,22:30,A-321,1
Delhi,Tirupati,AI  0459,.2..5.7,06:00,09:45,A-320,1
Delhi,Tirupati,AI  0542,1234567,09:45,13:35,A-321,1
Delhi,Tokyo,AI  0306,.2..567,21:15,8:00+1,B787,0
Delhi,Toronto,AI  0187,..3.5.7,03:30,08:15,B777-ER,0
Delhi,Udaipur,AI  0471,1234567,13:20,14:35,A-320,0
Delhi,Vadodara,AI  0823,1234567,04:45,06:20,A-320,0
Delhi,Vadodara,AI  0819,.2.45.7,17:45,19:25,A-320,0
Delhi,Vadodara,AI  0819,1.3..6.,17:50,19:35,A-320,0
Delhi,Varanasi,AI  0406,1234567,10:15,11:35,A-320,0
Delhi,Varanasi,AI  0433,......7,12:00,14:50,A-320,1
Delhi,Varanasi,AI  0433,123456,12:30,15:15,A-320,1
Delhi,Varanasi,AI  0427,1..4.6.,17:15,18:40,A-320,0
Delhi,Vienna,AI  0153,1.3.5.7,14:55,18:45,B787,0
Delhi,Vijayawada,AI  0459,1234567,06:00,08:15,A-320,0
Delhi,Vijayawada,AI  0467,.23.567,17:45,20:00,A-320,0
Delhi,Visakhapatnam,AI  0485,1..4.6.,05:30,07:40,A-320,0
Delhi,Visakhapatnam,AI  0487,1...5..,06:35,08:30,A-320,0
Delhi,Visakhapatnam,AI  0451,1234567,15:00,17:15,A-321,0
Delhi,Washington,AI  0103,..3.5.7,01:15,06:15,B787,0
Delhi,Yangon,AI  0235,..3....,07:10,12:10,A-320,1
Dhaka,Kolkata,AI  0229,1234567,21:35,22:00,A-319,0
Dharamshala,Chandigarh,9I  0813,123456,08:30,09:30,ATR-72,0
Dharamshala,Delhi,9I  0814,......7,08:30,10:15,ATR-72,0
Dharamshala,Delhi,9I  0814,123456,11:20,12:55,ATR-72,0
Dharamshala,Delhi,9I  0714,1234567,15:40,17:25,ATR-72,0
Dibrugarh,Kolkata,AI  0706,.2345.7,08:00,09:35,A-319,0
Dimapur,Guwahati,9I  0742,1.3.5.7,11:35,12:25,ATR-72,0
Dimapur,Imphal,9I  0741,1.3.5.7,09:15,10:05,ATR-72,0
Dimapur,Kolkata,AI  0710,1234..7,13:30,14:55,A-319,0
Dimapur,Kolkata,AI  0710,....5..,15:25,16:50,A-319,0
DIU,Mumbai,9I  0624,12.4.6.,13:30,14:35,ATR-72,0
DIU,Mumbai,9I  0624,..3.5.7,13:30,14:30,ATR-72,0
Doha,Delhi,AI  0972,.2.4.6.,22:35,5:00+1,A-320,0
Doha,Delhi,AI  0972,....5..,23:35,5:55+1,A-320,0
Dubai,Bengaluru,AI  0994,.2.4.67,23:00,5:35+1,A-320,1
Dubai,Chennai,AI  0906,1234567,23:10,5:00+1,A-321,0
Dubai,Delhi,AI  0996,1234567,00:05,04:45,B787,0
Dubai,Delhi,AI  0916,123...7,20:40,2:00+1,B787,0
Dubai,Delhi,AI  0916,...45..,20:50,2:00+1,B787,0
Dubai,Delhi,AI  0916,.....6.,21:15,2:25+1,B787,0
Dubai,Goa,AI  0994,.2.4.67,23:00,3:40+1,A-320,0
Dubai,Hyderabad,AI  0952,1234567,00:30,05:30,A-321,0
Dubai,Indore,AI  0904,.2..5.7,20:10,0:45+1,A-320,0
Dubai,Kochi,AI  0934,1234567,13:45,18:50,B787,0
Dubai,Kolkata,AI  0918,.....6.,19:30,1:35+1,A-320,0
Dubai,Kolkata,AI  0918,...4...,19:55,2:00+1,A-320,0
Dubai,Kolkata,AI  0918,1.3....,20:10,2:15+1,A-320,0
Dubai,Kozhikode,AI  0938,1...5..,13:45,19:10,A-321,0
Dubai,Kozhikode,AI  0938,.23...7,14:45,20:10,A-321,0
Dubai,Kozhikode,AI  0938,...4...,14:50,20:10,A-321,0
Dubai,Kozhikode,AI  0938,.....6.,15:00,20:10,A-321,0
Dubai,Mumbai,AI  0912,1234567,04:00,08:45,B787,0
Dubai,Mumbai,AI  0910,1......,11:45,16:30,B787,0
Dubai,Mumbai,AI  0910,...4.6.,12:00,16:45,B787,0
Dubai,Mumbai,AI  0984,1234567,23:40,4:10+1,A-321,0
Dubai,Visakhapatnam,AI  0952,1234567,00:30,07:15,A-321,1
Durgapur,Delhi,AI  0756,1...5..,08:25,10:40,A-319,0
Durgapur,Hyderabad,AI  0518,1.3.5.7,02:10,03:55,A-319,0
Frankfurt,Delhi,AI  0120,1234567,21:30,9:35+1,B787,0
Frankfurt,Mumbai,AI  0124,.23.5.7,16:20,4:15+1,B787,0
Gaya,Delhi,AI  0433,......7,14:15,17:05,A-320,1
Gaya,Delhi,AI  0236,..3....,14:35,16:25,A-320,0
Gaya,Delhi,AI  0433,123456,14:40,17:05,A-320,1
Gaya,Kolkata,AI  0234,1....6.,11:25,12:35,A-319,0
Gaya,Varanasi,AI  0433,......7,14:15,14:50,A-320,0
Gaya,Varanasi,AI  0433,123456,14:40,15:15,A-320,0
Gaya,Yangon,AI  0235,..3....,09:40,12:10,A-320,0
Gaya,Yangon,AI  0233,....5..,12:05,15:05,A-319,0
Goa,Bengaluru,AI  0994,1.3.5.7,04:30,05:35,A-320,0
Goa,Chennai,AI  0976,.2.4.6.,07:25,09:00,A-320,0
Goa,Delhi,AI  0884,1234567,01:15,03:40,A-320,0
Goa,Delhi,AI  0843,......7,14:10,16:40,A-321,0
Goa,Delhi,AI  0843,123456,15:00,17:45,A-321,0
Goa,Dubai,AI  0993,.2.4.67,19:20,21:15,A-320,0
Goa,Hyderabad,9I  0562,12345.7,13:20,16:55,ATR-72,1
Goa,Kuwait,AI  0975,1.3.5..,20:25,22:25,A-320,0
Goa,Mumbai,AI  0034,1234567,04:00,05:25,A-319,0
Goa,Mumbai,AI  0684,1234567,07:00,08:15,A-320,0
Goa,Mumbai,AI  0662,1.3..6.,18:30,20:10,A-319,0
Goa,Mumbai,AI  0662,.2.45.7,18:30,20:10,A-320,0
Goa,Mumbai,AI  0084,1234567,23:10,0:30+1,A-320,0
Goa,Mysore,9I  0896,1.34567,17:20,18:50,ATR-72,0
Goa,Mysore,9I  0896,.2.....,19:00,20:30,ATR-72,0
Goa,Pune,9I  0562,12345.7,13:20,14:45,ATR-72,0
Gorakhpur,Delhi,9I  0810,1234567,15:45,17:35,ATR-72,0
Guwahati,Bengaluru,AI  0728,1..45.7,17:50,21:05,A-320,0
Guwahati,Bengaluru,AI  0775,.23..67,18:45,23:20,A-320,1
Guwahati,Delhi,AI  0890,1234567,15:45,18:40,A-321,0
Guwahati,Delhi,AI  0892,1234567,19:20,21:45,A-320,0
Guwahati,Dimapur,9I  0741,1.3.5.7,08:00,08:55,ATR-72,0
Guwahati,Imphal,9I  0741,1.3.5.7,08:00,10:05,ATR-72,1
Guwahati,Imphal,AI  0889,1234567,12:45,13:45,A-321,0
Guwahati,Kolkata,9I  0740,1......,11:25,12:55,ATR-72,0
Guwahati,Kolkata,AI  0730,1234567,11:40,13:00,A-319,0
Guwahati,Kolkata,9I  0740,.2.4.6.,12:20,13:55,ATR-72,0
Guwahati,Kolkata,9I  0740,..3.5.7,12:55,14:50,ATR-72,0
Guwahati,Kolkata,AI  0775,.23..67,18:45,20:05,A-320,0
Guwahati,Pasighat,9I  0733,.2.4.6.,08:00,10:05,ATR-72,1
Guwahati,Tezpur,9I  0733,.2.4.6.,08:00,08:45,ATR-72,0
Gwalior,Delhi,9I  0627,..3.5.7,17:45,18:45,ATR-72,0
Gwalior,Indore,9I  0628,..3.5.7,13:50,15:20,ATR-72,0
Hong Kong,Delhi,AI  0315,2..4.6.,09:45,12:50,B787,0
Hong Kong,Delhi,AI  0317,1.3.5.7,09:45,12:50,B787,0
Hong Kong,Mumbai,AI  0315,2..4.6.,09:45,15:10,B787,1
Hong Kong,Mumbai,AI  0317,1.3.5.7,09:45,15:10,B787,1
Hubli,Bengaluru,AI  0507,......7,09:45,10:30,A-319,0
Hubli,Bengaluru,AI  0508,.23..6.,17:00,18:20,A-319,0
Hubli,Hyderabad,9I  0880,1234567,08:20,09:55,ATR-72,0
Hubli,Mumbai,AI  0694,1..45.7,11:00,12:00,A-320,0
Hubli,Mumbai,AI  0507,.23..6.,13:35,14:30,A-319,0
Hyderabad,Bengaluru,AI  0978,..4.6.,03:30,04:35,A-320,0
Hyderabad,Bengaluru,AI  0978,.2?.,04:15,05:20,A-320,0
Hyderabad,Bengaluru,AI  0515,1..45..,09:20,10:30,A-319,0
Hyderabad,Bhubaneswar,AI  0780,.23..67,13:05,14:40,A-320,0
Hyderabad,Chennai,AI  0988,..3...7,07:50,09:00,A-320,0
Hyderabad,Chennai,AI  0546,12.4567,21:15,22:35,A-321,0
Hyderabad,Chennai,AI  0546,..3....,22:40,23:55,A-321,0
Hyderabad,Chicago,AI  0127,1234567,21:00,06:30,B777-ER,1
Hyderabad,Delhi,AI  0559,1234567,06:40,09:00,A-321,0
Hyderabad,Delhi,AI  0543,......7,09:45,12:15,A-320,0
Hyderabad,Delhi,AI  0543,123456,10:30,13:00,A-320,0
Hyderabad,Delhi,AI  0541,1234567,16:15,18:30,A-321,0
Hyderabad,Delhi,AI  0840,1..4.6.,19:05,21:25,A-320,0
Hyderabad,Delhi,AI  0127,1234567,21:00,23:10,B777-ER,0
Hyderabad,Dubai,AI  0951,1234567,20:10,22:25,A-321,0
Hyderabad,Durgapur,AI  0517,.2.4.6.,23:05,1:15+1,A-319,0
Hyderabad,Durgapur,AI  0517,......7,23:15,1:15+1,A-319,0
Hyderabad,Goa,9I  0561,12345.7,09:30,12:50,ATR-72,1
Hyderabad,Guwahati,AI  0780,.23..67,13:05,18:10,A-320,2
Hyderabad,Hubli,9I  0879,1234567,06:30,07:55,ATR-72,0
Hyderabad,Jeddah,AI  0965,.2..5.7,17:55,21:15,B747,0
Hyderabad,Kolhapur,9I  0875,1.34567,10:30,12:00,ATR-72,0
Hyderabad,Kolhapur,9I  0875,.2.....,11:35,13:00,ATR-72,0
Hyderabad,Kolkata,AI  0525,1234567,06:00,08:10,A-319,0
Hyderabad,Kolkata,AI  0780,.23..67,13:05,16:00,A-320,1
Hyderabad,Kuwait,AI  0987,.2...6.,20:05,22:25,A-320,0
Hyderabad,Mumbai,AI  0620,1234567,05:30,07:15,A-319,0
Hyderabad,Mumbai,AI  0616,.2.45.7,08:25,09:40,A-319,0
Hyderabad,Mumbai,AI  0966,.2.5.7,09:00,10:40,B747,0
Hyderabad,Mumbai,AI  0618,1234567,17:00,18:40,A-319,0
Hyderabad,Mumbai,AI  0051,1234567,22:00,23:30,A-319,0
Hyderabad,Muscat,AI  0977,1.3.5..,18:50,21:05,A-320,0
Hyderabad,Mysore,9I  0891,1.34567,06:30,08:00,ATR-72,0
Hyderabad,Mysore,9I  0891,.2.....,08:15,10:00,ATR-72,0
Hyderabad,Nasik,9I  0871,.2345..,06:05,08:00,ATR-72,0
Hyderabad,Nasik,9I  0883,.....6.,06:05,08:00,ATR-72,0
Hyderabad,Nasik,9I  0871,1....6.,07:40,09:30,ATR-72,0
Hyderabad,Nasik,9I  0883,......7,14:15,16:05,ATR-72,0
Hyderabad,Pune,9I  0561,12345.7,09:30,11:15,ATR-72,0
Hyderabad,Pune,9I  0867,1.34567,18:45,20:30,ATR-72,0
Hyderabad,Pune,9I  0867,.2.....,19:40,21:25,ATR-72,0
Hyderabad,Tirupati,AI  0542,1234567,12:35,13:35,A-321,0
Hyderabad,Vijayawada,AI  0544,1..4.6.,15:50,16:55,A-320,0
Hyderabad,Vijayawada,9I  0538,1.3.567,17:25,18:30,ATR-72,0
Hyderabad,Visakhapatnam,AI  0952,1234567,06:10,07:15,A-321,0
Hyderabad,Visakhapatnam,9I  0538,1.3.567,17:25,19:50,ATR-72,1
Imphal,Aizawl,AI  0713,.234...,12:20,13:00,A-319,0
Imphal,Aizawl,AI  0715,....5..,13:15,13:55,A-319,0
Imphal,Delhi,AI  0890,1234567,14:20,18:40,A-321,1
Imphal,Dimapur,9I  0742,1......,10:25,11:15,ATR-72,0
Imphal,Dimapur,9I  0742,..3.5.7,10:35,11:25,ATR-72,0
Imphal,Guwahati,9I  0742,1......,10:25,12:25,ATR-72,1
Imphal,Guwahati,9I  0742,..3.5.7,10:35,12:25,ATR-72,1
Imphal,Guwahati,AI  0890,1234567,14:20,15:15,A-321,0
Imphal,Kolkata,AI  0715,....5..,13:15,15:40,A-319,1
Imphal,Kolkata,AI  0715,......7,13:35,14:50,A-319,0
Imphal,Kolkata,AI  0714,.234...,14:45,15:55,A-319,0
Imphal,Kolkata,AI  0714,.....6.,15:00,16:20,A-319,0
Indore,Delhi,AI  0638,1.3..6.,01:30,02:55,A-320,0
Indore,Delhi,AI  0635,1234567,08:20,10:05,A-319,0
Indore,Delhi,9I  0627,..3.5.7,15:50,18:45,ATR-72,1
Indore,Dubai,AI  0903,.....6.,15:40,17:55,A-320,0
Indore,Dubai,AI  0903,1.3....,16:40,19:10,A-320,0
Indore,Gwalior,9I  0627,..3.5.7,15:50,17:20,ATR-72,0
Indore,Mumbai,AI  0636,1234567,17:05,18:15,A-319,0
Jabalpur,Delhi,9I  0618,1234567,20:10,22:10,ATR-72,0
Jaffna,Chennai,9I  0102,.....6.,12:45,13:55,ATR-72,0
Jaffna,Chennai,9I  0102,1.3....,12:45,14:10,ATR-72,0
Jaipur,Agra,9I  0687,12.4.6.,10:15,11:15,ATR-72,0
Jaipur,Bhopal,9I  0683,1234567,13:20,15:00,ATR-72,0
Jaipur,Delhi,9I  0844,..3.5..,07:20,08:15,ATR-72,0
Jaipur,Delhi,AI  0492,1234567,13:30,14:30,A-321,0
Jaipur,Delhi,9I  0644,1234567,20:15,21:10,ATR-72,0
Jaipur,Kolkata,AI  0736,.....6.,11:40,13:55,A-320,0
Jaipur,Lucknow,9I  0691,1234567,05:55,07:30,ATR-72,0
Jaipur,Mumbai,AI  0612,1234567,14:00,15:50,A-321,0
Jaipur,Raipur,9I  0683,1234567,13:20,17:00,ATR-72,1
Jaipur,Udaipur,9I  0685,..3.5.7,10:15,11:15,ATR-72,0
Jammu,Delhi,9I  0614,1234567,10:15,12:15,ATR-72,0
Jammu,Delhi,AI  0822,1234567,15:45,17:10,A-319,0
Jammu,Leh,AI  0450,1...5.7,10:15,11:20,A-319,0
Jammu,Srinagar,AI  0821,1234567,13:00,13:40,A-319,0
Jamnagar,Mumbai,AI  0648,1234567,12:50,13:55,A-319,0
Jeddah,Delhi,AI  0992,1.3.5..,21:15,4:45+1,B777-ER,0
Jeddah,Hyderabad,AI  0966,1..4.6.,23:15,7:10+1,B747,0
Jeddah,Kochi,AI  0964,.23.5.7,23:15,7:05+1,B747,0
Jeddah,Lucknow,AI  0992,1.3.5..,21:15,8:15+1,B777-ER,1
Jeddah,Mumbai,AI  0932,.2.4.67,21:15,4:15+1,B777-ER,0
Jeddah,Mumbai,AI  0966,1..4.6.,23:15,10:40+1,B747,1
Jharsuguda,Bhubaneswar,9I  0719,1234567,10:55,12:00,ATR-72,0
Jharsuguda,Kolkata,9I  0728,1234567,17:10,21:35,ATR-72,2
Jharsuguda,Raipur,9I  0728,1234567,17:10,18:10,ATR-72,0
Jharsuguda,Ranchi,9I  0719,1234567,10:55,13:25,ATR-72,1
Jharsuguda,Ranchi,9I  0728,1234567,17:10,19:50,ATR-72,1
Jodhpur,Delhi,AI  0476,1234567,14:55,16:20,A-321,0
Jodhpur,Mumbai,AI  0646,1234567,11:55,13:35,A-320,0
Kabul,Delhi,AI  0244,.2.4.67,14:45,17:55,A-320,0
Gulbarga,Bengaluru,9I  0510,1.34567,11:50,13:30,ATR-72,0
Gulbarga,Bengaluru,9I  0510,.2.....,13:45,15:25,ATR-72,0
Kandla,Ahmedabad,9I  0874,.2345..,11:40,12:45,ATR-72,0
Kandla,Ahmedabad,9I  0874,1....6.,13:15,14:20,ATR-72,0
Kandla,Nasik,9I  0874,.2345..,11:40,14:25,ATR-72,1
Kandla,Nasik,9I  0874,1....6.,13:15,16:05,ATR-72,1
Kannur,Delhi,AI  0425,.23.567,14:15,17:15,A-320,0
Kathmandu,Delhi,AI  0214,......7,10:25,11:45,A-320,0
Kathmandu,Delhi,AI  0214,123456,11:00,12:30,A-320,0
Kathmandu,Delhi,AI  0216,1234567,15:35,16:50,A-320,0
Kathmandu,Kolkata,AI  0248,1246,16:20,17:15,A-319,0
Khajuraho,Delhi,AI  0405,1.3..6.,13:55,18:25,A-320,1
Khajuraho,Delhi,AI  0405,.2.45.7,13:55,18:30,A-320,1
Khajuraho,Varanasi,AI  0405,1234567,13:55,14:40,A-320,0
Kochi,Agatti,9I  0505,.2.....,07:55,09:15,ATR-72,0
Kochi,Agatti,9I  0505,1.34567,08:45,10:05,ATR-72,0
Kochi,Bengaluru,AI  0588,1....6.,00:15,01:20,A-319,0
Kochi,Bengaluru,AI  0588,.2.....,00:15,01:20,A-320,0
Kochi,Chennai,AI  0510,1234567,18:05,18:55,A-320,0
Kochi,Delhi,AI  0466,12.4.6.,07:30,10:50,A-321,0
Kochi,Delhi,AI  0466,..3.5.7,07:45,10:45,A-321,0
Kochi,Delhi,AI  0047,1234567,20:15,23:20,B787,0
Kochi,Dubai,AI  0933,.....6.,09:15,11:50,B787,0
Kochi,Dubai,AI  0933,12345.7,09:15,12:30,B787,0
Kochi,Jeddah,AI  0963,1.34.6.,18:05,21:15,B747,0
Kochi,Mumbai,AI  0682,1.3.567,08:15,10:15,A-319,0
Kochi,Mumbai,AI  0055,1234567,20:10,22:10,A-320,0
Kochi,Riyadh,AI  0923,1.3....,02:35,05:30,A-320,0
Kochi,Thiruvananthapuram,AI  0048,1234567,21:50,22:30,A-321,0
Kolhapur,Bengaluru,9I  0535,1.34567,12:25,13:55,ATR-72,0
Kolhapur,Bengaluru,9I  0535,.2.....,13:25,15:25,ATR-72,0
Kolhapur,Hyderabad,9I  0876,1.34567,16:15,17:45,ATR-72,0
Kolhapur,Hyderabad,9I  0876,.2.....,17:45,19:15,ATR-72,0
Kolkata,Agartala,AI  0743,1234567,09:55,10:50,A-319,0
Kolkata,Agartala,AI  0745,1234567,18:10,19:10,A-319,0
Kolkata,Aizawl,AI  0713,.234...,10:15,13:00,A-319,1
Kolkata,Aizawl,AI  0715,......7,10:25,11:40,A-319,0
Kolkata,Aizawl,AI  0715,....5..,11:20,13:55,A-319,1
Kolkata,Aizawl,AI  0711,1234...,13:00,14:05,A-319,0
Kolkata,Aizawl,AI  0711,.....6.,13:15,14:20,A-319,0
Kolkata,Bagdogra,AI  0721,..3.5.7,13:55,14:55,A-319,0
Kolkata,Bangkok,AI  0336,.....6.,15:40,20:15,A-320,0
Kolkata,Bengaluru,AI  0771,1..45.7,14:10,16:45,A-319,0
Kolkata,Bengaluru,AI  0775,.23..67,20:45,23:20,A-320,0
Kolkata,Bhubaneswar,9I  0727,1234567,05:50,08:55,ATR-72,1
Kolkata,Bhubaneswar,AI  0776,.23..67,09:10,10:20,A-320,0
Kolkata,Chennai,AI  0765,1234567,14:35,17:05,A-321,0
Kolkata,Dehra Dun,AI  0691,1.3..6.,15:55,19:40,A-319,1
Kolkata,Delhi,AI  0769,.2.45..,04:55,07:10,A-320,0
Kolkata,Delhi,AI  0763,1234567,06:55,09:15,A-321,0
Kolkata,Delhi,AI  0021,1234567,10:25,12:55,B787,0
Kolkata,Delhi,AI  0701,1234567,17:30,19:50,B787,0
Kolkata,Delhi,AI  0023,1234567,20:30,22:45,A-320,0
Kolkata,Dhaka,AI  0230,1234567,19:05,20:35,A-319,0
Kolkata,Dibrugarh,AI  0705,.2345.7,05:55,07:25,A-319,0
Kolkata,Dimapur,AI  0709,1234..7,11:20,12:55,A-319,0
Kolkata,Dimapur,AI  0709,....5..,13:00,14:30,A-319,0
Kolkata,Dubai,AI  0917,...4...,14:50,18:55,A-320,0
Kolkata,Dubai,AI  0917,.2..5.7,15:05,19:10,A-320,0
Kolkata,Gaya,AI  0233,....5..,10:30,11:25,A-319,0
Kolkata,Guwahati,9I  0739,1234567,05:50,07:35,ATR-72,0
Kolkata,Guwahati,AI  0729,1234567,09:50,11:05,A-319,0
Kolkata,Guwahati,AI  0780,.23..67,16:45,18:10,A-320,0
Kolkata,Hyderabad,AI  0776,.23..67,09:10,12:25,A-320,1
Kolkata,Hyderabad,AI  0526,1234567,19:05,21:15,A-319,0
Kolkata,Imphal,AI  0713,.234...,10:15,11:45,A-319,0
Kolkata,Imphal,AI  0715,......7,10:25,13:00,A-319,1
Kolkata,Imphal,AI  0715,....5..,11:20,12:40,A-319,0
Kolkata,Imphal,AI  0713,.....6.,13:00,14:20,A-319,0
Kolkata,Jaipur,AI  0737,.....6.,08:20,11:05,A-320,0
Kolkata,Jharsuguda,9I  0727,1234567,05:50,10:30,ATR-72,2
Kolkata,Kathmandu,AI  0247,1246,13:55,15:30,A-319,0
Kolkata,Lilabari,9I  0751,1.3.5.7,15:25,17:30,ATR-72,0
Kolkata,Lilabari,9I  0751,.2.4.6.,17:05,19:15,ATR-72,0
Kolkata,Mumbai,AI  0676,1234567,09:25,12:20,A-320,0
Kolkata,Mumbai,AI  0773,.234..7,16:50,19:45,A-319,0
Kolkata,Mumbai,AI  0773,1...56.,16:55,19:45,A-319,0
Kolkata,Mumbai,AI  0732,.2.45.7,19:40,22:55,A-319,1
Kolkata,Patna,AI  0732,.2.45.7,19:40,20:40,A-319,0
Kolkata,Port Blair,AI  0787,1234567,05:30,07:50,A-319,0
Kolkata,Ranchi,9I  0727,1234567,05:50,07:20,ATR-72,0
Kolkata,Silchar,AI  0753,1234567,05:50,07:00,A-319,0
Kolkata,Varanasi,AI  0691,1.3..6.,15:55,17:20,A-319,0
Kolkata,Yangon,AI  0227,1....6.,05:45,08:30,A-319,0
Kolkata,Yangon,AI  0233,....5..,10:30,15:05,A-319,1
Kozhikode,Bengaluru,9I  0506,1.34567,12:20,13:40,ATR-72,0
Kozhikode,Delhi,AI  0425,.23.567,12:55,17:15,A-320,1
Kozhikode,Dubai,AI  0937,1...5..,10:10,12:45,A-321,0
Kozhikode,Dubai,AI  0937,.234.67,10:55,13:45,A-321,0
Kozhikode,Kannur,AI  0425,.23.567,12:55,13:30,A-320,0
Kozhikode,Mumbai,AI  0582,1234567,07:10,09:05,A-321,0
Kozhikode,Sharjah,AI  0997,1234567,22:00,0:05+1,A-321,0
Kullu,Delhi,9I  0806,1234567,08:30,09:40,ATR-72,0
Kuwait,Ahmedabad,AI  0982,1...5..,00:05,06:05,A-320,0
Kuwait,Chennai,AI  0976,.2.4.6.,00:05,09:00,A-320,1
Kuwait,Chennai,AI  0982,1...5..,00:05,09:10,A-320,1
Kuwait,Chennai,AI  0988,..3...7,00:05,09:00,A-320,1
Kuwait,Goa,AI  0976,.2.4.6.,00:05,06:35,A-320,0
Kuwait,Hyderabad,AI  0988,..3...7,00:05,07:00,A-320,0
Kuwait,Mumbai,AI  0990,1234567,01:10,07:30,A-320,0
Leh,Chandigarh,AI  0457,.2...6.,08:55,09:35,A-319,0
Leh,Delhi,AI  0446,1234567,11:55,13:35,A-319,0
Leh,Jammu,AI  0449,1...5.7,08:50,09:40,A-319,0
Leh,Srinagar,AI  0448,..34...,08:55,09:35,A-319,0
Lilabari,Kolkata,9I  0752,1.3.5.7,17:55,20:05,ATR-72,0
Lilabari,Kolkata,9I  0752,.2.4.6.,19:40,21:55,ATR-72,0
London,Ahmedabad,AI  0172,.2.4.67,13:00,2:40+1,B787,0
London,Bengaluru,AI  0178,1.3.5..,13:00,4:15+1,B787,0
London,Delhi,AI  0162,1234567,08:45,22:25,B787,0
London,Delhi,AI  0112,123456,20:30,10:20+1,B777-ER,0
London,Delhi,AI  0112,......7,21:30,11:20+1,B777-ER,0
London,Mumbai,AI  0130,1234567,13:30,4:00+1,B777-ER,0
London,Amritsar,AI  0166,...4...,08:05,21:30,B787,0
London,Amritsar,AI  0166,.....6.,09:15,22:30,B787,0
London,Amritsar,AI  0166,1......,09:20,22:30,B787,0
Lucknow,Delhi,AI  0424,....5..,03:55,04:55,A-320,0
Lucknow,Delhi,AI  0412,1234567,08:55,09:55,A-320,0
Lucknow,Delhi,AI  0414,...4...,11:10,12:25,A-320,0
Lucknow,Delhi,AI  0432,1.3.5.7,14:05,15:25,A-320,0
Lucknow,Delhi,AI  0991,.2.4.6.,14:05,15:10,A-320,0
Lucknow,Delhi,AI  0812,1234567,20:15,21:35,A-319,0
Lucknow,Jaipur,9I  0692,1234567,08:10,09:45,ATR-72,0
Lucknow,Jeddah,AI  0991,.2.4.6.,14:05,19:45,A-320,1
Lucknow,Mumbai,AI  0626,1234567,11:05,13:25,A-319,0
Ludhiana,Delhi,9I  0838,12.4.6.,15:05,16:30,ATR-72,0
Madrid,Delhi,AI  0136,.2.4.6.,20:40,10:20+1,B787,0
Madurai,Chennai,9I  0560,.2.45.7,11:40,13:05,ATR-72,0
Madurai,Chennai,AI  0672,1234567,13:15,14:20,A-320,0
Madurai,Chennai,9I  0552,.2.45.7,18:40,19:55,ATR-72,0
Madurai,Chennai,9I  0552,1.3..6.,21:00,22:20,ATR-72,0
Madurai,Mumbai,AI  0672,1234567,13:15,16:50,A-320,1
Male,Bengaluru,AI  0266,1.34567,10:55,13:20,A-320,0
Male,Delhi,AI  0264,1234567,16:35,22:35,A-320,1
Male,Thiruvananthapuram,AI  0264,1234567,16:35,18:25,A-320,0
Mangalore,Coimbatore,AI  0679,1234567,12:30,13:30,A-320,0
Mangalore,Mumbai,AI  0679,1234567,12:30,15:55,A-320,1
Melbourne,Delhi,AI  0309,1..4.6.,10:45,17:40,B787,0
Milan,Delhi,AI  0138,12.4.6.,20:00,7:45+1,B787,0
Mumbai,Abu Dhabi,AI  0945,1234567,22:30,0:35+1,A-320,0
Mumbai,Ahmedabad,AI  0031,1234567,01:35,02:50,B787,0
Mumbai,Ahmedabad,AI  0986,1234567,05:30,06:45,A-320,0
Mumbai,Ahmedabad,AI  0091,1234567,17:20,18:40,A-321,0
Mumbai,Amritsar,AI  0649,.....67,07:15,10:05,A-320,0
Mumbai,Amritsar,AI  0685,..3.5.7,22:40,1:30+1,B787,0
Mumbai,Aurangabad,AI  0605,..3.5.7,05:30,07:00,A-319,0
Mumbai,Aurangabad,AI  0442,1234567,15:25,16:45,A-319,0
Mumbai,Bangkok,AI  0330,.....67,01:45,07:20,B787,0
Mumbai,Bangkok,AI  0340,1.3.5.7,14:15,19:50,A-320,0
Mumbai,Bangkok,AI  0340,.2.....,14:30,20:05,A-320,0
Mumbai,Bangkok,AI  0340,...4..6,14:40,20:15,A-320,0
Mumbai,Bengaluru,AI  0603,1234567,06:15,07:55,A-320,0
Mumbai,Bengaluru,AI  0507,......7,08:20,10:30,A-319,1
Mumbai,Bengaluru,AI  0639,1234567,09:15,11:10,A-320,0
Mumbai,Bengaluru,AI  0508,.23..6.,15:05,18:20,A-319,1
Mumbai,Bengaluru,AI  0607,1234567,16:40,18:30,A-320,0
Mumbai,Bengaluru,AI  0609,1..45.7,20:05,21:45,A-319,0
Mumbai,Bhavnagar,9I  0651,1234567,17:55,19:30,ATR-72,0
Mumbai,Bhopal,AI  0633,1234.6.,05:45,07:25,A-319,0
Mumbai,Bhopal,AI  0631,1..4..7,19:25,21:00,A-320,0
Mumbai,Bhopal,AI  0631,.2..5..,19:25,21:00,A-319,0
Mumbai,Bhubaneswar,AI  0669,1234567,12:05,14:25,A-320,0
Mumbai,Bhuj,9I  0625,1234567,06:35,08:30,ATR-72,0
Mumbai,Chandigarh,AI  0621,12345..,05:55,08:30,A-320,0
Mumbai,Chennai,AI  0570,1234567,05:40,07:30,A-320,0
Mumbai,Chennai,AI  0671,1234567,09:00,10:55,A-320,0
Mumbai,Chennai,AI  0094,.23.56.,18:30,20:25,A-320,0
Mumbai,Coimbatore,AI  0679,1234567,10:25,13:30,A-320,1
Mumbai,Colombo,AI  0275,1234567,23:00,1:10+1,A-320,0
Mumbai,Dehra Dun,AI  0688,1.3..6.,08:20,10:15,A-319,0
Mumbai,Delhi,AI  0635,1234567,06:30,10:05,A-319,1
Mumbai,Delhi,AI  0864,1234567,07:00,09:10,A-320,0
Mumbai,Delhi,AI  0806,1234567,08:00,10:15,A-321,0
Mumbai,Delhi,AI  0348,.2.4567,08:15,10:30,B787,0
Mumbai,Delhi,AI  0866,1234567,09:00,11:30,A-320,0
Mumbai,Delhi,AI  0809,1234567,10:00,12:20,A-320,0
Mumbai,Delhi,AI  0677,1234567,13:05,15:15,A-320,0
Mumbai,Delhi,AI  0442,1234567,15:25,19:10,A-319,1
Mumbai,Delhi,AI  0687,1234567,16:00,18:15,A-320,0
Mumbai,Delhi,AI  0144,1234567,17:00,19:10,B777-ER,0
Mumbai,Delhi,AI  0660,1234567,18:00,20:25,A-320,0
Mumbai,Delhi,AI  0888,1234567,19:00,21:15,A-319,0
Mumbai,Delhi,AI  0310,.2.4.67,20:00,22:05,A-320,0
Mumbai,Delhi,AI  0314,1.3.5..,20:00,22:05,A-320,0
Mumbai,Delhi,AI  0101,1234567,21:00,23:15,B777-ER,0
Mumbai,DIU,9I  0623,12.4.6.,12:00,13:05,ATR-72,0
Mumbai,DIU,9I  0623,..3.5.7,12:05,13:05,ATR-72,0
Mumbai,Dubai,AI  0911,1234567,00:45,02:40,B787,0
Mumbai,Dubai,AI  0909,1..4.6.,08:25,10:15,B787,0
Mumbai,Dubai,AI  0983,1234567,19:50,21:55,A-321,0
Mumbai,Frankfurt,AI  0125,.23.5.7,10:00,14:45,B787,0
Mumbai,Goa,AI  0033,1234567,02:00,03:20,A-319,0
Mumbai,Goa,AI  0083,1234567,05:05,06:30,A-320,0
Mumbai,Goa,AI  0661,1.3..6.,16:25,17:55,A-319,0
Mumbai,Goa,AI  0661,.2.45.7,16:25,17:55,A-320,0
Mumbai,Goa,AI  0683,1234567,21:00,22:20,A-320,0
Mumbai,Hong Kong,AI  0310,.2.4.67,20:00,6:30+1,A-320,1
Mumbai,Hong Kong,AI  0314,1.3.5..,20:00,6:30+1,A-320,1
Mumbai,Hubli,AI  0507,......7,08:20,09:15,A-319,0
Mumbai,Hubli,AI  0693,1..45.7,09:25,10:25,A-320,0
Mumbai,Hubli,AI  0508,.23..6.,15:05,16:15,A-319,0
Mumbai,Hyderabad,AI  0615,.2.45.7,06:10,07:40,A-319,0
Mumbai,Hyderabad,AI  0617,1234567,14:10,15:40,A-319,0
Mumbai,Hyderabad,AI  0965,.2..5.7,15:00,16:25,B747,0
Mumbai,Hyderabad,AI  0619,1234567,19:25,20:45,A-319,0
Mumbai,Hyderabad,AI  0050,1234567,21:05,22:25,A-319,0
Mumbai,Indore,AI  0635,1234567,06:30,07:50,A-319,0
Mumbai,Jaipur,AI  0611,1234567,11:10,13:15,A-321,0
Mumbai,Jamnagar,AI  0647,1234567,11:00,12:10,A-319,0
Mumbai,Jeddah,AI  0965,.2..5.7,15:00,21:15,B747,1
Mumbai,Jeddah,AI  0931,1.3.5.7,16:50,19:45,B777-ER,0
Mumbai,Jodhpur,AI  0645,1234567,09:35,11:20,A-320,0
Mumbai,Kochi,AI  0054,..3.5.7,05:25,07:40,A-319,0
Mumbai,Kochi,AI  0054,1....6.,05:30,07:40,A-319,0
Mumbai,Kochi,AI  0681,1234567,17:05,19:15,A-320,0
Mumbai,Kolkata,AI  0675,1234567,06:10,08:50,A-320,0
Mumbai,Kolkata,AI  0774,1234567,20:30,23:15,A-319,0
Mumbai,Kozhikode,AI  0581,1234567,06:45,08:55,A-321,0
Mumbai,Kuwait,AI  0989,1234567,22:15,0:10+1,A-320,0
Mumbai,London,AI  0131,1234567,07:00,11:30,B777-ER,0
Mumbai,Lucknow,AI  0625,1234567,07:55,10:25,A-319,0
Mumbai,Madurai,AI  0671,1234567,09:00,12:35,A-320,1
Mumbai,Mangalore,AI  0679,1234567,10:25,12:00,A-320,0
Mumbai,Muscat,AI  0985,1234567,22:00,23:25,A-321,0
Mumbai,Nagpur,AI  0627,1234567,05:35,07:20,A-320,0
Mumbai,Nagpur,AI  0629,1.34.67,19:00,20:35,A-319,0
Mumbai,Nairobi,AI  0961,..3.5.7,06:25,10:00,B787,0
Mumbai,New York,AI  0101,1234567,21:00,06:35,B777-ER,1
Mumbai,Newark,AI  0191,1234567,01:30,07:15,B777-ER,0
Mumbai,Patna,AI  0673,.2.45.7,08:20,10:20,A-319,0
Mumbai,Raipur,AI  0651,1234567,09:40,11:50,A-321,0
Mumbai,Rajkot,AI  0601,12.4.6.,05:00,06:10,A-319,0
Mumbai,Rajkot,AI  0655,.2.45.7,16:20,17:30,A-319,0
Mumbai,Riyadh,AI  0921,1234567,12:30,14:30,A-320,0
Mumbai,Shanghai,AI  0348,.2.4567,08:15,20:20,B787,1
Mumbai,Shirdi,9I  0653,1234567,15:20,16:10,ATR-72,0
Mumbai,Singapore,AI  0342,1234567,23:50,7:45+1,A-320,0
Mumbai,Thiruvananthapuram,AI  0667,1.3..6.,17:20,19:40,A-320,0
Mumbai,Udaipur,AI  0605,..3.5.7,05:30,09:15,A-319,1
Mumbai,Udaipur,AI  0643,1234567,14:20,15:40,A-319,0
Mumbai,Varanasi,AI  0695,1234567,10:25,12:40,A-319,0
Mumbai,Visakhapatnam,AI  0651,1234567,09:40,13:35,A-321,1
Mumbai,Visakhapatnam,AI  0652,12345..,19:00,20:50,A-320,0
Muscat,Ahmedabad,AI  0986,1234567,00:20,06:45,A-321,1
Muscat,Bengaluru,AI  0978,..3.5..,22:00,4:35+1,A-320,1
Muscat,Bengaluru,AI  0978,1......,22:45,5:20+1,A-320,1
Muscat,Chennai,AI  0908,1234567,23:00,3:55+1,A-320,0
Muscat,Delhi,AI  0974,.....67,23:10,3:45+1,A-321,0
Muscat,Delhi,AI  0974,12345..,23:10,3:45+1,A-320,0
Muscat,Hyderabad,AI  0978,..3.5..,22:00,2:45+1,A-320,0
Muscat,Hyderabad,AI  0978,1......,22:45,3:35+1,A-320,0
Muscat,Mumbai,AI  0986,1234567,00:20,04:25,A-321,0
Mysore,Bengaluru,9I  0897,1.34567,08:30,09:10,ATR-72,0
Mysore,Bengaluru,9I  0897,.2.....,10:25,11:05,ATR-72,0
Mysore,Goa,9I  0895,1.34567,15:20,16:50,ATR-72,0
Mysore,Goa,9I  0895,.2.....,17:05,18:35,ATR-72,0
Mysore,Hyderabad,9I  0892,1.34567,19:20,21:00,ATR-72,0
Mysore,Hyderabad,9I  0892,.2.....,20:55,22:50,ATR-72,0
Mysore,Gulbarga,9I  0897,1.34567,08:30,11:25,ATR-72,1
Nagpur,Delhi,AI  0642,1234567,02:00,03:40,A-320,0
Nagpur,Delhi,AI  0470,..3...7,08:25,10:15,A-320,0
Nagpur,Delhi,AI  0469,.2..5..,08:40,12:20,A-320,1
Nagpur,Delhi,AI  0469,1..4.6.,08:55,10:35,A-320,0
Nagpur,Mumbai,AI  0628,1234567,07:55,09:20,A-320,0
Nagpur,Mumbai,AI  0630,1.34.67,21:10,23:05,A-319,0
Nagpur,Raipur,AI  0469,.2..5..,08:40,09:40,A-320,0
Nairobi,Mumbai,AI  0962,..3.5.7,11:30,20:10,B787,0
Nanded,Amritsar,AI  0816,.....67,14:30,16:30,A-320,0
Nanded,Chandigarh,AI  0818,.2.4...,12:10,14:20,A-320,0
Nanded,Delhi,AI  0456,1..4.6.,17:35,19:30,A-319,0
Nasik,Ahmedabad,9I  0873,.2345..,08:20,09:35,ATR-72,0
Nasik,Ahmedabad,9I  0873,1....6.,09:55,11:20,ATR-72,0
Nasik,Ahmedabad,9I  0873,......7,16:30,17:50,ATR-72,0
Nasik,Hyderabad,9I  0884,.....6.,15:00,16:45,ATR-72,0
Nasik,Hyderabad,9I  0872,.2345..,17:45,19:30,ATR-72,0
Nasik,Hyderabad,9I  0872,1....6.,19:20,21:10,ATR-72,0
Nasik,Hyderabad,9I  0884,......7,20:00,21:50,ATR-72,0
Nasik,Kandla,9I  0873,.2345..,08:20,11:10,ATR-72,1
Nasik,Kandla,9I  0873,1....6.,09:55,12:50,ATR-72,1
Nasik,Pune,9I  0887,.2345..,14:55,15:45,ATR-72,0
Nasik,Pune,9I  0887,1....6.,16:30,17:30,ATR-72,0
New York,Delhi,AI  0102,1234567,12:30,12:55+1,B777-ER,0
New York,Mumbai,AI  0102,1234567,12:30,19:10+1,B777-ER,1
Newark,Delhi,AI  0144,1234567,11:45,19:10+1,B777-ER,1
Newark,Mumbai,AI  0144,1234567,11:45,13:00+1,B777-ER,0
Pantnagar,Dehra Dun,9I  0823,..3.567,11:10,12:00,ATR-72,0
Pantnagar,Delhi,9I  0816,..3.567,13:45,14:45,ATR-72,0
Paris,Chennai,AI  0142,1234567,21:00,15:15+1,B787,1
Paris,Delhi,AI  0142,1234567,21:00,10:00+1,B787,0
Pasighat,Guwahati,9I  0733,.2.4.6.,10:30,11:50,ATR-72,0
Pathankot,Delhi,9I  0836,12.4...,15:00,16:40,ATR-42,0
Patna,Amritsar,AI  0725,.2.45.7,10:55,13:15,A-319,0
Patna,Delhi,AI  0410,.2.4.67,12:40,14:40,A-319,0
Patna,Delhi,AI  0408,1234567,16:00,17:40,A-319,0
Patna,Delhi,AI  0416,1234567,19:10,20:55,A-320,0
Patna,Kolkata,AI  0726,.2.45.7,17:35,18:35,A-319,0
Patna,Mumbai,AI  0732,.2.45.7,21:10,22:55,A-319,0
Port Blair,Chennai,AI  0550,1234567,08:00,10:10,A-321,0
Port Blair,Chennai,AI  0552,.2.45.7,12:00,13:50,A-320,0
Port Blair,Delhi,AI  0486,.23.5.7,09:45,14:45,A-320,1
Port Blair,Delhi,AI  0486,1..4.6.,10:50,14:30,A-320,0
Port Blair,Delhi,AI  0488,1...5..,11:50,17:20,A-320,1
Port Blair,Kolkata,AI  0788,1234567,08:30,10:40,A-319,0
Port Blair,Visakhapatnam,AI  0486,.23.5.7,09:45,11:55,A-320,0
Port Blair,Visakhapatnam,AI  0488,1...5..,11:50,14:00,A-320,0
Pune,Belgaum,9I  0514,1.34567,17:45,19:05,ATR-72,0
Pune,Belgaum,9I  0514,.2.....,19:15,20:30,ATR-72,0
Pune,Bengaluru,9I  0514,1.34567,17:45,20:55,ATR-72,1
Pune,Bengaluru,9I  0514,.2.....,19:15,22:20,ATR-72,1
Pune,Bhopal,AI  0482,.23.5.7,12:45,14:00,A-319,0
Pune,Chandigarh,AI  0814,1.3.5..,12:40,15:05,A-320,0
Pune,Delhi,AI  0852,1234567,07:40,09:50,A-320,0
Pune,Delhi,AI  0482,.23.5.7,12:45,16:00,A-319,1
Pune,Delhi,AI  0850,1234567,18:50,21:00,A-320,0
Pune,Delhi,AI  0854,1234567,21:55,0:05+1,A-321,0
Pune,Goa,9I  0561,12345.7,11:40,12:50,ATR-72,0
Pune,Hyderabad,9I  0562,12345.7,15:15,16:55,ATR-72,0
Pune,Hyderabad,9I  0868,1.34567,21:00,22:50,ATR-72,0
Pune,Hyderabad,9I  0868,.2.....,21:50,23:40,ATR-72,0
Pune,Nasik,9I  0888,.2345..,16:20,17:20,ATR-72,0
Pune,Nasik,9I  0888,1....6.,17:55,18:55,ATR-72,0
Raipur,Bhopal,9I  0684,1234567,17:25,18:50,ATR-72,0
Raipur,Delhi,AI  0469,1..4.6.,07:45,10:35,A-320,1
Raipur,Delhi,AI  0478,......7,07:45,09:30,A-319,0
Raipur,Delhi,AI  0478,..3....,07:45,09:30,A-320,0
Raipur,Delhi,AI  0469,.2..5..,10:40,12:20,A-320,0
Raipur,Delhi,AI  0484,..3.5..,18:50,20:25,A-319,0
Raipur,Jaipur,9I  0684,1234567,17:25,21:05,ATR-72,1
Raipur,Jharsuguda,9I  0720,1234567,15:45,16:45,ATR-72,0
Raipur,Kolkata,9I  0728,1234567,18:30,21:35,ATR-72,1
Raipur,Mumbai,AI  0651,1234567,12:30,16:25,A-321,1
Raipur,Ranchi,9I  0728,1234567,18:30,19:50,ATR-72,0
Raipur,Visakhapatnam,AI  0651,1234567,12:30,13:35,A-321,0
Rajkot,Delhi,AI  0498,...4...,07:35,08:55,A-319,0
Rajkot,Delhi,AI  0404,1.3.567,15:10,16:35,A-319,0
Rajkot,Delhi,AI  0496,.23...7,19:30,21:10,A-319,0
Rajkot,Mumbai,AI  0602,12.4.6.,06:40,07:50,A-319,0
Rajkot,Mumbai,AI  0656,.2.45.7,18:00,19:05,A-319,0
Ranchi,Bhubaneswar,9I  0727,1234567,07:45,08:55,ATR-72,0
Ranchi,Delhi,AI  0418,123456,12:55,15:00,A-320,0
Ranchi,Delhi,AI  0418,......7,13:25,15:30,A-320,0
Ranchi,Jharsuguda,9I  0727,1234567,07:45,10:30,ATR-72,1
Ranchi,Jharsuguda,9I  0720,1234567,13:45,16:45,ATR-72,1
Ranchi,Kolkata,9I  0728,1234567,20:10,21:35,ATR-72,0
Ranchi,Raipur,9I  0720,1234567,13:45,15:20,ATR-72,0
Riyadh,Delhi,AI  0926,1..4.6.,15:45,22:40,A-320,0
Riyadh,Kochi,AI  0924,.2....7,15:45,23:15,A-320,0
Riyadh,Mumbai,AI  0922,1234567,06:45,13:20,A-320,0
Riyadh,Thiruvananthapuram,AI  0928,..3.5..,15:45,23:15,A-320,0
Rome,Delhi,AI  0122,..3.5.7,19:40,7:15+1,B787,0
San Francisco,Bengaluru,AI  0174,1.34567,09:30,20:25+1,B777-LR,1
San Francisco,Delhi,AI  0184,1.3..6.,01:00,7:00+1,B777-LR,0
San Francisco,Delhi,AI  0174,1.34567,09:30,15:15+1,B777-LR,0
Seoul,Delhi,AI  0313,1..4...,11:25,16:15,B787,0
Seoul,Delhi,AI  0313,.2...6.,11:50,16:15,B787,0
Shanghai,Delhi,AI  0349,.2.4567,22:00,2:45+1,B787,0
Shanghai,Mumbai,AI  0349,.2.4567,22:00,6:15+1,B787,1
Sharjah,Chennai,AI  0968,1234567,00:05,07:15,A-320,1
Sharjah,Kozhikode,AI  0998,1234567,01:05,06:10,A-321,0
Sharjah,Thiruvananthapuram,AI  0968,1234567,00:05,05:30,A-320,0
Shirdi,Mumbai,9I  0654,1234567,16:35,17:25,ATR-72,0
Silchar,Kolkata,AI  0754,1234567,07:40,08:50,A-319,0
Shimla,Delhi,9I  0804,....5..,09:15,10:25,ATR-42,0
Singapore,Chennai,AI  0347,1234567,09:00,10:25,A-320,0
Singapore,Delhi,AI  0381,......7,08:20,11:30,B787,0
Singapore,Delhi,AI  0381,123456,09:00,12:20,B787,0
Singapore,Delhi,AI  0383,1234567,23:00,2:20+1,A-320,0
Singapore,Mumbai,AI  0343,1234567,19:45,22:20,A-320,0
Srinagar,Delhi,AI  0828,.2.4.67,11:30,13:00,A-320,0
Srinagar,Delhi,AI  0826,1234567,12:25,14:05,A-321,0
Srinagar,Delhi,AI  0822,1234567,14:15,17:10,A-319,1
Srinagar,Jammu,AI  0822,1234567,14:15,15:05,A-319,0
Srinagar,Leh,AI  0447,..34...,10:15,11:10,A-319,0
Stockholm,Delhi,AI  0168,..3.5.7,19:45,6:55+1,B787,0
Surat,Bengaluru,AI  0519,....5.7,08:30,13:05,A-320,1
Surat,Bengaluru,AI  0519,1..4...,11:10,13:05,A-320,0
Surat,Bhubaneswar,AI  0519,....5.7,08:30,10:30,A-320,0
Surat,Delhi,AI  0494,..3..5.7,07:45,09:30,A-320,0
Surat,Delhi,AI  0494,12.....,07:45,09:30,A-319,0
Surat,Delhi,AI  0490,....5.7,21:25,23:05,A-319,0
Surat,Delhi,AI  0490,1234,21:25,23:05,A-320,0
Sydney,Delhi,AI  0301,.23.567,10:15,17:25,B787,0
Tel Aviv,Delhi,AI  0140,12.4.67,21:25,7:25+1,B787,0
Tezpur,Guwahati,9I  0733,.2.4.6.,09:10,11:50,ATR-72,1
Tezpur,Pasighat,9I  0733,.2.4.6.,09:10,10:05,ATR-72,0
Thiruvananthapuram,Bengaluru,AI  0584,.23..6.,09:15,10:30,A-319,0
Thiruvananthapuram,Chennai,AI  0968,1234567,06:15,07:15,A-320,0
Thiruvananthapuram,Delhi,AI  0466,12.4.6.,06:05,10:50,A-321,1
Thiruvananthapuram,Delhi,AI  0466,..3.5.7,06:05,10:45,A-321,1
Thiruvananthapuram,Delhi,AI  0264,1234567,19:20,22:35,A-320,0
Thiruvananthapuram,Kochi,AI  0466,1234567,06:05,06:50,A-321,0
Thiruvananthapuram,Male,AI  0263,1234567,09:20,10:05,A-320,0
Thiruvananthapuram,Mumbai,AI  0668,1.3..6.,20:15,22:25,A-320,0
Thiruvananthapuram,Riyadh,AI  0927,...4.6.,02:20,05:30,A-320,0
Thiruvananthapuram,Sharjah,AI  0967,1234567,20:40,23:05,A-320,0
Tiruchirapalli,Chennai,9I  0556,.2.45.7,15:05,16:10,ATR-72,0
Tiruchirapalli,Chennai,9I  0556,1.3..6.,17:25,18:25,ATR-72,0
Tirupati,Delhi,AI  0460,.2..5.7,10:15,14:00,A-320,1
Tirupati,Delhi,AI  0541,1234567,14:15,18:30,A-321,1
Tirupati,Hyderabad,AI  0541,1234567,14:15,15:20,A-321,0
Tirupati,Vijayawada,AI  0460,.2..5.7,10:15,11:15,A-320,0
Tokyo,Delhi,AI  0307,1.3..67,11:30,18:00,B787,0
Toronto,Delhi,AI  0188,..3.5.7,11:55,12:40+1,B777-ER,0
Udaipur,Aurangabad,AI  0606,..3.5.7,10:00,11:20,A-319,0
Udaipur,Delhi,AI  0472,1234567,15:10,16:30,A-320,0
Udaipur,Jaipur,9I  0686,..3.5.7,11:40,12:35,ATR-72,0
Udaipur,Mumbai,AI  0606,..3.5.7,10:00,13:35,A-319,1
Udaipur,Mumbai,AI  0644,1234567,16:20,17:50,A-319,0
Vadodara,Delhi,AI  0824,1234567,06:50,08:20,A-320,0
Vadodara,Delhi,AI  0820,1234567,20:20,21:45,A-320,0
Varanasi,Dehra Dun,AI  0691,1.3..6.,18:00,19:40,A-319,0
Varanasi,Delhi,AI  0433,......7,15:30,17:05,A-320,0
Varanasi,Delhi,AI  0433,123456,15:45,17:05,A-320,0
Varanasi,Delhi,AI  0405,1.3..6.,16:50,18:25,A-320,0
Varanasi,Delhi,AI  0405,.2.45.7,16:50,18:30,A-320,0
Varanasi,Delhi,AI  0428,1..4.6.,19:20,21:10,A-320,0
Varanasi,Khajuraho,AI  0406,1234567,12:10,13:20,A-320,0
Varanasi,Kolkata,AI  0690,1.3..6.,13:35,15:20,A-319,0
Varanasi,Mumbai,AI  0696,1234567,13:25,15:40,A-319,0
Vienna,Delhi,AI  0154,1.3.5.7,22:45,10:20+1,B787,0
Vijayawada,Delhi,AI  0460,14,09:05,11:20,A-320,0
Vijayawada,Delhi,AI  0460,6,09:05,11:30,A-320,0
Vijayawada,Delhi,AI  0460,.2..5.7,11:45,14:00,A-320,0
Vijayawada,Delhi,AI  0840,1..4.6.,17:30,21:25,A-320,1
Vijayawada,Delhi,AI  0468,.23.567,20:40,22:55,A-320,0
Vijayawada,Hyderabad,AI  0840,1..4.6.,17:30,18:25,A-320,0
Vijayawada,Hyderabad,9I  0537,1.3.567,21:45,22:50,ATR-72,0
Vijayawada,Tirupati,AI  0459,.2..5.7,08:45,09:45,A-320,0
Vijayawada,Visakhapatnam,9I  0538,1.3.567,18:55,19:50,ATR-72,0
Visakhapatnam,Delhi,AI  0452,1234567,07:50,10:30,A-321,0
Visakhapatnam,Delhi,AI  0486,.23.5.7,12:30,14:45,A-320,0
Visakhapatnam,Delhi,AI  0488,1...5..,14:45,17:20,A-320,0
Visakhapatnam,Dubai,AI  0951,1234567,18:00,22:25,A-321,1
Visakhapatnam,Hyderabad,AI  0951,1234567,18:00,19:10,A-321,0
Visakhapatnam,Hyderabad,9I  0537,1.3.567,20:20,22:50,ATR-72,1
Visakhapatnam,Mumbai,AI  0651,1234567,14:15,16:25,A-321,0
Visakhapatnam,Mumbai,AI  0653,12345..,21:30,23:40,A-320,0
Visakhapatnam,Port Blair,AI  0485,1..4.6.,08:15,10:10,A-320,0
Visakhapatnam,Port Blair,AI  0487,1...5..,09:05,11:15,A-320,0
Visakhapatnam,Vijayawada,9I  0537,1.3.567,20:20,21:20,ATR-72,0
Washington,Delhi,AI  0104,....5..,10:25,11:00+1,B787,0
Washington,Delhi,AI  0104,..3...7,12:25,13:00+1,B787,0
Washington,Hyderabad,AI  0104,....5..,10:25,15:15+1,B787,1
Washington,Hyderabad,AI  0104,..3...7,12:25,15:15+1,B787,1
Yangon,Delhi,AI  0236,..3....,12:55,16:25,A-320,1
Yangon,Gaya,AI  0234,1....6.,09:20,10:40,A-319,0
Yangon,Gaya,AI  0236,..3....,12:55,13:55,A-320,0
Yangon,Kolkata,AI  0234,1....6.,09:20,12:35,A-319,1
Yangon,Kolkata,AI  0228,....5..,15:55,17:15,A-319,0
